줄 ID,키워드,단가,인자,역방향,1등급,2등급,3등급,4등급,5등급,6등급,7등급,8등급,9등급,10등급
id,kw,unit,arg,down,g1,g2,g3,g4,g5,g6,g7,g8,g9,g10
string,enum,int,string,bool,number,number,number,number,number,number,number,number,number,number
pierce.ratio,pierce,2,ratio,,0.25,0.4,0.55
execute.bonus,execute,2,bonus,,0.4,0.6,0.8
amplify.mult,amplify,1,mult,,1.5,1.75,2
amplify.mult.down,amplify,1,mult,TRUE,0.8,0.7,0.6
zeal.bonus,zeal,2,bonus,,0.5,0.75,1
swell.bonus,swell,2,bonus,,0.4,0.6,0.8
offering.per,offering,2,per,,0.05,0.08,0.11
siege.ratio,siege,3,ratio,,0.08,0.12,0.16
rally.per,rally,2,per,,0.1,0.15,0.2
avenge.per,avenge,2,per,,0.3,0.4,0.5
spite.per,spite,2,per,,0.15,0.2,0.25
bypass.-,bypass,3,,,o
desperate.bonus,desperate,2,bonus,,0.4,0.6,0.8
gap.per,gap,2,per,,0.1,0.15,0.2
temper.ratio,temper,2,ratio,,0.75,0.5,0.25
recoil.ratio,recoil,-1,ratio,,0.12,0.16,0.2
drain.ratio,drain,1,ratio,,0.2,0.3,0.4
heal.ratio,heal,2,ratio,,0.05,0.1,0.2,0.3,0.4
charge.amount,charge,2,amount,,1,2,3,4
siphon.amount,siphon,2,amount,,1,2
bleed.amount,bleed,1,amount,,6,9,9
bleed.turns,bleed,1,turns,,2,2,3
mark.ratio,mark,1,ratio,,0.15,0.25,0.35
mark.turns,mark,1,turns,,2,2,3
shield.ratio,shield,2,ratio,,0.05,0.1,0.15,0.25,0.3,0.35,0.6
shield.turns,shield,2,turns,,2,2,2,2,2,3,3
taunt.turns,taunt,3,turns,,1,2
unbind.turns,unbind,2,turns,,1,2,3,1
unbind.lasting,unbind,2,lasting,,,,,TRUE
shelter.turns,shelter,3,turns,,1,2
boost.amount,boost,2,amount,,1,2,2,3,4,5,1,2,3,5
boost.turns,boost,2,turns,,2,2,3,3,3,3,,,,
boost.lasting,boost,2,lasting,,,,,,,,TRUE,TRUE,TRUE,TRUE
whet.amount,whet,3,amount,,1,1,1,1,1
whet.upto,whet,3,upto,,2,4,6,8,10
silence.turns,silence,1,turns,,1,2
stun.turns,stun,11,turns,,1
cleanse.-,cleanse,2,,,o
devour.ratio,devour,3,ratio,,0.1,0.15,0.2
blight.ratio,blight,3,ratio,,0.5,0.35,0.2
blight.turns,blight,3,turns,,2,2,3
mend.mult,mend,2,mult,,1.5,1.75,2
clot.mult,clot,2,mult,,0.75,0.5,0.25
renew.-,renew,2,,,o
linger.-,linger,2,,,o
toll.ratio,toll,-1,ratio,,0.05,0.1,0.15,0.2
haste.turns,haste,4,turns,,1,2
endure.turns,endure,4,turns,,2,3
immune.turns,immune,4,turns,,1,2
blind.turns,blind,5,turns,,1,2
gift.amount,gift,3,amount,,1,2
swap.turns,swap,2,turns,,2,3
retire.-,retire,-6,,,o
multihit.hits,multihit,3,hits,,2,3,
multihit.min,multihit,3,min,,,,1
multihit.max,multihit,3,max,,,,4
