스트링 ID,국문,영문
string_key,ko,en
string,string,string
SKL_1001_NAME,자연치유,
SKL_1001_DESC,"적 하나에게 약한 피해를 입히고, 자신의 체력을 최대치의 {e1_ratio:pct}만큼 회복합니다.",
SKL_5001_NAME,자폭,
SKL_5001_DESC,"자신의 남은 체력에 비례해 최대 {e2_bonus:pct}까지 피해량이 증가한 뒤, 적 전체에게 치명적인 피해를 입힙니다. 그 뒤 스스로 전투불능이 됩니다.",
SKL_7001_NAME,늪의 살갗,
SKL_7001_DESC,{e1_when_type} 타입에게 피해를 입으면 {e1_turns}턴간 최대 체력의 {e1_ratio:pct}만큼 흡수하는 보호막을 얻습니다.,
CHR_001_NAME,괴룸파,
CHR_001_DESC,시비르기 마을 뒤쪽 늪지엔 어디선가 본 거 같은 우파루파 수인이 살고있다,
CHR_001_STORY,시비르기 마을 근처 이리마을에 사는 고양이 수인인 괴렘을 보고 인간화 했다는 소문이 있는 정체 불명의 수인이다,
CHR_001_SPECIES,우파루파,
SKL_1002_NAME,에어 클로,
SKL_1002_DESC,적 하나에게 피해를 입힌 뒤 투지를 {e1_amount} 획득합니다.,
SKL_5002_NAME,포식,
SKL_5002_DESC,"체력이 가장 낮은 적에게 잃은 체력에 비례해 최대 {e2_bonus:pct}까지 늘어난 피해를 입히고, 가한 피해의 {e1_ratio:pct}만큼 자신의 체력을 회복합니다.",
SKL_7002_NAME,질풍날개,
SKL_7002_DESC,"전투 개시 시 {e1_turns}턴간 속도와 무관하게 먼저 행동합니다. 가하는 피해량이 보유한 투지에 비례해 최대 {e2_bonus:pct} 증가하며, 투지를 쓰는 기술은 쓰기 전의 투지로 셉니다.",
CHR_002_NAME,네벨라,Nebella
CHR_002_DESC,북부의 모험가 이야기 中 '만약 북부의 설산에서 밤에 당신을 바라보는 흰 눈동자와 마주쳤다면 그저 즉사를 기도하는 것 말곤 무의미 할 것이다.',
CHR_002_STORY,"북부 설산에서 발견된 수인. 굉장히 호전적인 모습을 보이며 조난당한 수인, 인간을 습격하는 사건이 잦았다. 모험가들에게 토벌되어 붙잡힌 뒤 북부의 불법 지하 결투장에서부터 몬스터로 활동하게 된다.",
CHR_002_SPECIES,누에나방,
SKL_1003_NAME,거대한 주먹,
SKL_1003_DESC,적 하나에게 피해를 입히고 자신의 투지를 {e1_amount} 획득합니다.,
SKL_5003_NAME,바다의 독,
SKL_5003_DESC,적 전체에게 약한 피해를 입히고 출혈을 부여합니다. 출혈은 매 라운드 종료 시 {e1_amount}의 고정 피해를 {e1_turns}턴간 입힙니다. 자신은 최대 체력의 {e2_ratio:pct}만큼 흡수하는 보호막을 얻습니다.,
SKL_7003_NAME,점액 보호막,
SKL_7003_DESC,매 라운드 개시 시 면역을 얻어 {e1_turns}턴간 해로운 상태에 걸리지 않습니다.,
CHR_003_NAME,누디안,Nudibranch
CHR_003_DESC,화려한 색채와 부드러운 외형 속에 강력한 육체를 숨긴 갯민숭달팽이 수인 격투가.,
CHR_003_STORY,누디안은 갯민숭달팽이 특유의 화려한 색과 말미잘 같은 아가미를 지닌 해양계 수인이다. 칠성장어 같은 위협적인 원형 입을 숨기고 있으며 키가 3미터 가까이 되며 근육질이여서 격투 싸움을 잘하여 오우거 같은 실루엣을 가지고 있다.,
CHR_003_SPECIES,갯민숭달팽이,
SKL_1004_NAME,치유의 빛,
SKL_1004_DESC,"적 하나에게 약한 피해를 입히고, 체력이 가장 낮은 아군의 체력을 최대치의 {e1_ratio:pct}만큼 회복시킵니다.",
SKL_5004_NAME,생츄어리,
SKL_5004_DESC,"아군 전체의 체력을 최대치의 {e1_ratio:pct}만큼 회복시키고, {e2_turns}턴간 최대 체력의 {e2_ratio:pct}만큼 흡수하는 보호막을 부여합니다.",
SKL_7004_NAME,수호,
SKL_7004_DESC,자신의 체력이 {e1_when_ratio:pct} 미만이면 매 라운드 개시 시 면역을 얻습니다. 면역이 걸린 {e1_turns}턴 동안에는 기절을 제외한 해로운 상태에 걸리지 않습니다.,
CHR_004_NAME,라피엘,Lapiel
CHR_004_DESC,신성에 가장 가깝다고 여겨지는 수수께끼의 몬스터,
CHR_004_STORY,다른 생물을 극도로 경계하여 알려진 정보가 거의 없다. 생명이 위태로운 생물 앞에 나타나 따스한 빛으로 상처를 치료한다고 한다. 치료가 끝나면 어디론가 사라지기 때문에 온전한 모습을 목격한 이는 매우 드물다. 이러한 모습으로 인해 예로부터 가장 신성에 가까운 생물이라고 여겨졌다.,
CHR_004_SPECIES,토끼,
SKL_1005_NAME,목 긋기,
SKL_1005_DESC,"적 하나에게 치명적인 피해를 입히고, {e1_turns}턴간 자신의 공격력을 {e1_amount} 증가시킵니다. 그 대상은 {e2_turns}턴간 특수기 사용이 봉인됩니다.",
SKL_5005_NAME,복수,
SKL_5005_DESC,적 하나에게 치명적인 피해를 입힙니다. 자신의 체력이 {e1_when_ratio:pct} 미만이면 이 피해가 {e1_mult}배로 늘어납니다.,
SKL_7005_NAME,교활한 쥐,
SKL_7005_DESC,"적을 쓰러뜨릴 때마다 투지를 {e1_amount} 획득하고, {e2_turns}턴간 속도와 무관하게 먼저 행동합니다.",
CHR_005_NAME,로데레,Rodere
CHR_005_DESC,비밀스럽고 교활하며 예측하기 힘든 쥐 수인,
CHR_005_STORY,"생존을 위해서라면 수단과 방법을 가리지 않는다, 쥐 처럼 재빠르고 교활하다, 조금의 금전적인 문제로 로캣에 참여하게 된다",
CHR_005_SPECIES,쥐,
SKL_1006_NAME,물어 뜯기,
SKL_1006_DESC,"적 하나에게 강한 피해를 입히고, {e1_turns}턴간 그 대상이 받는 피해량을 {e1_ratio:pct} 증가시킵니다.",
SKL_5006_NAME,최후의 포효,
SKL_5006_DESC,"적 전체에게 피해를 입히고, 대상 최대 체력의 {e1_ratio:pct}만큼을 방어와 무관한 고정 피해로 더합니다.",
SKL_7006_NAME,우두머리,
SKL_7006_DESC,아군이 쓰러질 때마다 전투가 끝날 때까지 체력 상한과 공격력과 방어력이 각각 {e1_amount} 증가합니다.,
CHR_006_NAME,로페스,Lopus
CHR_006_DESC,우두머리를 노리는 베테랑 늑대 수인,
CHR_006_STORY,로캣에서 자신의 능력을 보여 늑대 수인들의 우두머리로 인정받으려 한다 늑대의 하울링은 아군의 사기를 올리고 적의 사기를 떨어뜨린다,
CHR_006_SPECIES,늑대,
SKL_1007_NAME,자르기,
SKL_1007_DESC,"적 하나에게 피해를 입히고, {e1_turns}턴간 그 대상의 방어력을 {e1_amount_abs} 감소시킵니다.",
SKL_5007_NAME,박살,
SKL_5007_DESC,"적 하나에게 강한 피해를 입히고, {e1_turns}턴간 그 대상의 방어력을 {e1_amount_abs} 감소시킵니다.",
SKL_7007_NAME,단단한 갑각,
SKL_7007_DESC,피해를 입을 때마다 {e1_turns}턴간 최대 체력의 {e1_ratio:pct}만큼 흡수하는 보호막을 얻습니다.,
CHR_007_NAME,롭,Lob
CHR_007_DESC,거대한 집게로 자르고 박살낸다.,
CHR_007_STORY,"롭의 날카로운 집게는 적을 잘라내며, 단단한 갑각은 공격을 방어한다. 또한 롭은 유사시에 집게를 둔기로 활용하기도 한다.",
CHR_007_SPECIES,바닷가재,
SKL_1008_NAME,물뿜기,
SKL_1008_DESC,"적 하나에게 방어력과 무관한 피해를 입히고, {e1_turns}턴간 그 대상의 방어력을 {e1_amount_abs} 감소시킵니다.",
SKL_5008_NAME,신의 물결,
SKL_5008_DESC,"적 전체에게 방어력과 무관한 피해를 입히고, {e1_turns}턴간 받는 회복량을 {e1_ratio:pct}로 줄입니다.",
SKL_7008_NAME,잔잔한 바다,
SKL_7008_DESC,자신의 체력이 최대치인 동안에는 가하는 피해량이 {e1_mult}배가 됩니다.,
CHR_008_NAME,루미,Lumi
CHR_008_DESC,바다를 관장하는 신의 아이,
CHR_008_STORY,바다에 쓰레기를 버리는 나쁜 인간들을 물리치기 위해 깊은 잠에서 깨어났다,
CHR_008_SPECIES,글라우쿠스 아틀란티쿠스,
SKL_1009_NAME,들숨,
SKL_1009_DESC,적 하나에게 약한 피해를 입히고 대상의 투지를 {e1_amount} 감소시킵니다. 그 뒤 자신은 투지를 {e2_amount} 획득합니다.,
SKL_5009_NAME,날숨,
SKL_5009_DESC,"아군이 1기 이상 전투불능일 때만 사용할 수 있습니다. 아군 전체의 공격력을 {e1_turns}턴간 {e1_amount} 증가시키고, 투지를 {e2_amount} 획득합니다.",
SKL_7009_NAME,유희,
SKL_7009_DESC,매 라운드 개시 시 투지를 {e1_amount} 획득합니다. 자신의 투지가 {e2_when_amount} 이상이면 자신의 체력을 최대치의 {e2_ratio:pct}만큼 함께 회복합니다.,
CHR_009_NAME,마노,Mano
CHR_009_DESC,구름 위의 권태롭고 지고한 존재,
CHR_009_STORY,긴 동면에서 깨어난 마노. 바뀐 시대에서 가장 놀라운건 로캣대회였다. 그 대회가 이렇게 변하다니. 상상도 못했던 일이지. 마노는 친히 새로운 시대의 존재들과 어울려보기로 했다. 자신을 이긴 이에게는 친히 얼굴을 보이고 공을 치하할 것이다.,
CHR_009_SPECIES,날도마뱀,
SKL_1010_NAME,장갑 강화,
SKL_1010_DESC,"적 하나를 {e1_hits}회 연속으로 타격하며, 타격마다 약한 피해를 입힙니다. 그 뒤 {e2_turns}턴간 자신의 방어력을 {e2_amount} 증가시킵니다.",
SKL_5010_NAME,전탄 발사,
SKL_5010_DESC,"적 하나를 {e1_hits}회 연속으로 타격하며, 타격마다 피해를 입힙니다.",
SKL_7010_NAME,증폭 장갑,
SKL_7010_DESC,자신에게 걸린 이로운 상태 하나마다 자신이 입히는 피해량이 {e1_per:pct}씩 증가합니다.,
CHR_010_NAME,메카리스,Mecaris
CHR_010_DESC,"어느 실험실에서 태어난 기계괴수, 이 괴물이 폭주하여 연구실에서 나온다 과연 이 미친 괴수를 막을자 누구인가",
CHR_010_STORY,실험실에서 태어난 괴수병기 였으나 어느날 폭주하여 연구실을 괴멸 시키고 탈출하였다. 탈출 후 폭주 상태는 안정화 되었으나 그 폭주사태 이후로 이 기계 괴수는 점점 미쳐버려 피와 분노에 빠져들었다,
CHR_010_SPECIES,귀상어 · 인간 · 매,
SKL_1011_NAME,뿔 치기,
SKL_1011_DESC,적 하나에게 강한 피해를 입힙니다.,
SKL_5011_NAME,왕의 도약,
SKL_5011_DESC,적 하나에게 피해를 입히고 {e1_turns}턴간 행동 불능 상태로 만듭니다.,
SKL_7011_NAME,갑각,
SKL_7011_DESC,매 라운드 개시 시 버팀을 얻습니다. 버팀으로 견뎌 내면 {e2_turns}턴간 최대 체력의 {e2_ratio:pct}만큼 흡수하는 보호막을 얻습니다.,
CHR_011_NAME,버그킹,Bugking
CHR_011_DESC,벌레 군집의 왕,
CHR_011_STORY,아포칼립스 세계의 진화한 벌레들중에 가장 강한 우두머리가 되기 위한 한 장수풍뎅이의 여정,
CHR_011_SPECIES,장수풍뎅이 · 잠자리 · 개미,
SKL_1012_NAME,약자멸시,
SKL_1012_DESC,"대상이 잃은 체력에 비례해 최대 {e1_bonus:pct}까지 피해량이 증가한 뒤, 체력이 가장 낮은 적에게 피해를 입힙니다.",
SKL_5012_NAME,탈피,
SKL_5012_DESC,"적 하나에게 피해를 입히고, {e1_turns}턴간 자신의 마력을 {e1_amount} 증가시키며 최대 체력의 {e2_ratio:pct}만큼 흡수하는 보호막을 얻습니다.",
SKL_7012_NAME,위화감,
SKL_7012_DESC,매 라운드 개시 시 상대 진영 선두에 침묵을 부여하여 {e1_turns}턴간 특수기 사용을 봉인합니다.,
CHR_012_NAME,벨제버브,Beelzebub
CHR_012_DESC,화합을 거부하는 악당 로캣몬,
CHR_012_STORY,"수없이 많은 탈피를 거듭하며 강력한 힘을 손에 넣은 갑옷 파리 로캣몬. 화합을 거부하며 새로운 세력 제옥제국을 세우고, 황제를 참칭하고 있다.",
CHR_012_SPECIES,파리,
SKL_1013_NAME,마구 흡혈,
SKL_1013_DESC,"적 하나에게 피해를 입히고 대상 최대 체력의 {e2_ratio:pct}만큼을 방어와 무관한 고정 피해로 더합니다. 가한 피해의 {e1_ratio:pct}만큼 자신의 체력을 회복하는 대신, {e3_turns}턴간 자신의 속도가 {e3_amount_abs} 감소합니다.",
SKL_5013_NAME,만찬 시간!,
SKL_5013_DESC,"적 하나에게 강한 피해를 입히고, 대상 최대 체력의 {e1_ratio:pct}만큼을 방어와 무관한 고정 피해로 더합니다.",
SKL_7013_NAME,배불러..,
SKL_7013_DESC,피해를 입힌 대상의 공격력을 {e1_turns}턴간 {e1_amount_abs} 감소시킵니다.,
CHR_013_NAME,비대온,Bidaeon
CHR_013_DESC,세상 모든 피를 빨겠따!,
CHR_013_STORY,"어릴 적 흡혈 충동을 참지 못하여 피를 보면 무작정 달려들어 사고를 많이 쳤다, 어느 날, 지나가던 행인과 다툼이 있고 난 후 충동을 어떻게 해소할까 고민을 가지게 되었는데 로켓 배틀 방송을 보고 이거라면 다양한 피를 합법적으로 맛볼 수 있다는 사실을 알게 되었고, 로벳 배틀에 참가하게 되는 계기가 되었다. 세상 모든 피를 맛보기 위해서.",
CHR_013_SPECIES,빈대,
SKL_1014_NAME,속박,
SKL_1014_DESC,적 하나에게 강한 피해를 입히고 {e1_turns}턴간 특수기 사용을 봉인합니다.,
SKL_5014_NAME,또속박,
SKL_5014_DESC,"적 전체에게 피해를 입히고 {e1_turns}턴간 특수기 사용을 봉인하며, {e2_turns}턴간 속도를 {e2_amount_abs} 감소시킵니다.",
SKL_7014_NAME,스며드는 물살,
SKL_7014_DESC,자신의 공격은 대상의 보호막을 지나쳐 체력을 직접 깎습니다.,
CHR_014_NAME,삼치,
CHR_014_DESC,심해 바닥에서 종일 서 있는 물고기,
CHR_014_STORY,바다 밑바닥에서 때를 기다리는 캐릭터. 마을에서도 가만히 기다리고만 있다.,
CHR_014_SPECIES,세발치,
SKL_1015_NAME,깨물기,
SKL_1015_DESC,적 하나에게 강한 피해를 입히고 출혈을 부여합니다. 출혈은 매 라운드 종료 시 {e1_amount}의 고정 피해를 {e1_turns}턴간 입힙니다.,
SKL_5015_NAME,신속한 사냥,
SKL_5015_DESC,"대상이 출혈 중이면 피해량이 {e1_mult}배로 늘어난 뒤, 적 하나에게 강한 피해를 입힙니다.",
SKL_7015_NAME,피의 흥분,
SKL_7015_DESC,출혈 중인 대상에게는 가하는 피해량이 {e1_mult}배가 됩니다. 또한 출혈을 부여할 때마다 그 대상에게 이미 걸린 출혈의 지속도 함께 늘어납니다.,
CHR_015_NAME,샤키아,Shakira
CHR_015_DESC,"사나운 상어의 본능을 타고났지만, 칭찬에는 꼬리가 먼저 흔들리는 귀여운 바다의 포식자.",
CHR_015_STORY,겉보기에는 차갑고 무서워 보이지만 실제로는 칭찬에 약하고 쉽게 당황하는 순수한 성격의 소유자다. 특히 경기에서 흥분하면 본능적으로 꼬리를 크게 흔들거나 상대를 집요하게 쫓아가는 습관이 있다.,
CHR_015_SPECIES,상어,
SKL_1016_NAME,자애의 주먹,
SKL_1016_DESC,"적 하나에게 약한 피해를 입히고, {e1_turns}턴간 최대 체력의 {e1_ratio:pct}만큼 흡수하는 보호막을 얻습니다.",
SKL_5016_NAME,인내,
SKL_5016_DESC,"아군 전체에게 {e1_turns}턴간 최대 체력의 {e1_ratio:pct}만큼 흡수하는 보호막을 부여하고, {e2_turns}턴간 공격력을 {e2_amount} 증가시킵니다.",
SKL_7016_NAME,신념,
SKL_7016_DESC,자신이 보호막을 두르고 있으면 자신이 입히는 피해량이 {e1_mult}배가 됩니다.,
CHR_016_NAME,센주아나,San Juana
CHR_016_DESC,신성력을 가진 주먹으로 때리는 하이에나,
CHR_016_STORY,깨달음을 얻고 아프리카에서 수련을 통해 변화했다,
CHR_016_SPECIES,하이에나,
SKL_1017_NAME,평화의 노래,
SKL_1017_DESC,"적 하나에게 약한 피해를 입히고, {e1_turns}턴간 그 대상의 공격력을 {e1_amount_abs} 감소시킵니다. 자신의 투지를 {e2_amount} 획득합니다.",
SKL_5017_NAME,잎새의 보호,
SKL_5017_DESC,"아군 전체의 체력을 최대치의 {e1_ratio:pct}만큼 회복시키고, {e2_turns}턴간 최대 체력의 {e2_ratio:pct}만큼 흡수하는 보호막을 부여합니다.",
SKL_7017_NAME,생명 친화,
SKL_7017_DESC,타입 상성 배율을 {e1_ratio:pct}만 적용받습니다. 유리한 상성과 불리한 상성 양쪽에 적용됩니다.,
CHR_017_NAME,셰일,Shail
CHR_017_DESC,자연과 소통하는 숲의 대리인,
CHR_017_STORY,"숲 속에 은거하며 자연을 섬기며 살아가는 존재. 방문자의 요청으로 세상 나들이를 나오게 되었고, 접수처의 착각으로 경기에 참가되었다.",
CHR_017_SPECIES,사슴,
SKL_1018_NAME,할퀴기,
SKL_1018_DESC,적 하나에게 치명적인 피해를 입힙니다.,
SKL_5018_NAME,낚아채기,
SKL_5018_DESC,"대상의 체력이 {e1_when_ratio:pct} 미만이면 피해량이 {e1_mult}배로 늘어난 뒤, 적 하나에게 강한 피해를 입힙니다.",
SKL_7018_NAME,맹금류의 민첩성,
SKL_7018_DESC,"전투가 끝날 때까지 간파를 얻습니다. 자신보다 느린 대상에게는 가하는 피해량이 {e2_mult}배가 되고, 그 대상에게서 받는 피해량은 {e3_mult}배가 됩니다.",
CHR_018_NAME,수리,Quila
CHR_018_DESC,하늘의 암살자,
CHR_018_STORY,"수리는 민첩한 움직임으로 적을 낚아채고, 날카롭고 강력한 발톱으로 적을 공격한다.",
CHR_018_SPECIES,흰머리수리,
SKL_1019_NAME,망령 강타,
SKL_1019_DESC,적 하나에게 피해를 입히고 출혈을 부여합니다. 출혈은 매 라운드 종료 시 {e1_amount}의 고정 피해를 {e1_turns}턴간 입힙니다.,
SKL_5019_NAME,망령의 전진,
SKL_5019_DESC,적 전체에게 약한 피해를 입히고 출혈을 부여합니다. 출혈은 매 라운드 종료 시 {e1_amount}의 고정 피해를 {e1_turns}턴간 입힙니다.,
SKL_7019_NAME,흩어지는 신체,
SKL_7019_DESC,자신의 속도가 대상보다 높을 때는 그 대상에게서 받는 피해량이 {e1_mult}배가 됩니다. 출혈 중인 대상을 때리면 가한 피해의 {e2_ratio:pct}만큼 자신의 체력을 회복합니다.,
CHR_019_NAME,스웜 레이쓰,Swarm Wraith
CHR_019_DESC,수천의 날벌레가 하나의 신체가 되어 경기장을 뒤덮는 군집형 수인,
CHR_019_STORY,"스웜 레이쓰는 수많은 작은 날벌레가 하나의 의식을 공유하며 신체를 이룬 수인이다. 위협을 느끼면 몸을 이루던 군체를 흩뜨려 공격을 피하고, 다시 거대한 형상으로 뭉치는 독특한 능력을 지녔다. 군체의 변화무쌍한 움직임을 무기로 사용하는 공중 타입 선수로 활약하고 있다.",
CHR_019_SPECIES,날벌레 군체,
SKL_1020_NAME,급강하,
SKL_1020_DESC,대상 방어력의 {e1_ratio:pct}를 무시하고 적 하나에게 강한 피해를 입힙니다.,
SKL_5020_NAME,풍신소녀,
SKL_5020_DESC,적 하나에게 방어력과 무관한 강한 피해를 입힙니다.,
SKL_7020_NAME,편지왔습니다!,
SKL_7020_DESC,매 라운드 개시 시 상대 진영 선두의 속도를 {e1_turns}턴간 {e1_amount_abs} 감소시킵니다.,
CHR_020_NAME,스위피,Swipy
CHR_020_DESC,바람보다 빠르게! 인연을 이어주는 쾌활한 공중 배달부.,
CHR_020_STORY,"스위피는 빠른 비행을 꿈꾸며, 하늘길로 소식과 물자를 전하는 젊은 배달부다. 누군가의 감정이 담겨있는 편지, 물자와 독보적인 비행능력으로 낯선 지역을 누비며, 사람들에게 소식을 전해준다. 위기 앞에서도 환한 미소를 잃지 않지만, 누군가의 메시지가 끝내 도착하지 못하는 일만큼은 절대 용납하지 않는다.",
CHR_020_SPECIES,칼새,
SKL_1021_NAME,유희,
SKL_1021_DESC,적 하나에게 피해를 입히고 출혈을 부여합니다. 출혈은 매 라운드 종료 시 {e1_amount}의 고정 피해를 {e1_turns}턴간 입힙니다.,
SKL_5021_NAME,꿰뚫기,
SKL_5021_DESC,대상 방어력의 {e1_ratio:pct}를 무시하고 적 하나에게 강한 피해를 입힙니다.,
SKL_7021_NAME,가학성,
SKL_7021_DESC,출혈이 걸린 적에게 가하는 피해량이 {e1_mult}배가 됩니다.,
CHR_021_NAME,스콜라,Schola
CHR_021_DESC,치명적인 독을 품고 있는 전갈 여왕,
CHR_021_STORY,"최상위 포식자로 군림하고 있는 전갈 여왕, 수많은 탈피를 거쳐서 전갈에 특성을 유지한 채 인간형으로 진화했다 꼬리를 이용한 공격을 마무리에 이용하며, 극독에 중독되면 치명적이다 차가운 태도와 도도한 모습으로 다니며, 사냥감이 독에 중독되는 모습을 즐긴다.",
CHR_021_SPECIES,전갈,
SKL_1022_NAME,심해의 부름,
SKL_1022_DESC,"대상 방어력의 {e1_ratio:pct}를 무시하고 적 하나에게 강한 피해를 입힌 뒤, 가한 피해의 {e2_ratio:pct}만큼 자신의 체력을 회복합니다. 그와 함께 자신에게 출혈을 부여합니다. 출혈은 매 라운드 종료 시 {e3_amount}의 고정 피해를 {e3_turns}턴간 입힙니다.",
SKL_5022_NAME,강림,
SKL_5022_DESC,"자신에게 걸린 출혈 1점마다 피해량이 {e1_per:pct}씩 늘어난 뒤, 자신을 제외한 전장 전체에게 강한 피해를 입힙니다. 아군도 대상에 포함됩니다.",
SKL_7022_NAME,이형의 존재,
SKL_7022_DESC,"자신이 받는 출혈 피해가 {e1_mult}배로 줄어들고, 자신에게 걸리는 출혈은 지속이 끝나지 않습니다.",
CHR_022_NAME,시엘라,Siella
CHR_022_DESC,..................뻐....끔....,
CHR_022_STORY,어느날 갑자기 깊은 심해에서 나타난 신비로운 여자 아이 말수가 적은 편이다. 은상어 모티브,
CHR_022_SPECIES,은상어 · 클리오네,
SKL_1023_NAME,찰싹 때리기,
SKL_1023_DESC,"적 하나에게 약한 피해를 입히고, {e1_turns}턴간 그 대상의 속도를 {e1_amount_abs} 감소시킵니다. 자신은 최대 체력의 {e2_ratio:pct}만큼 흡수하는 보호막을 얻습니다.",
SKL_5023_NAME,마비 방출,
SKL_5023_DESC,적 전체에게 약한 피해를 입히고 {e1_chance}% 확률로 1턴간 행동 불능 상태로 만듭니다.,
SKL_7023_NAME,물컹거리는 몸,
SKL_7023_DESC,자신에게 날아온 공격이 {e1_when_element} 속성이면 받는 피해량이 {e1_mult}배가 됩니다.,
CHR_023_NAME,아우렐라 & 펠리아,Aurela & Pellia
CHR_023_DESC,하나 처럼 움직이는 해파리 자매,
CHR_023_STORY,"마비 능력을 이용해 깊은 바다로 내려가려하는 사람들을 해안가로 되돌려 놓거나 얕은 해안가에서 사람들의 다리에 마비를 거는 장난을 자주치는 사고뭉치 해파리 자매. 사람들을 마음대로 괴롭혀도 된다는 말에 혹해 재미를 찾아 로캣으로 오게 된다. 파란색이 동생 아우렐라, 분홍색이 언니 펠리아 이다.",
CHR_023_SPECIES,해파리,
SKL_1024_NAME,타락의 빛,
SKL_1024_DESC,"대상 방어력의 {e1_ratio:pct}를 무시하고 적 하나에게 치명적인 피해를 입힌 뒤, {e2_turns}턴간 특수기 사용을 봉인합니다.",
SKL_5024_NAME,심판의 창,
SKL_5024_DESC,적 전체에게 강한 피해를 입히고 {e1_turns}턴간 행동 불능 상태로 만듭니다.,
SKL_7024_NAME,한정된 시간,
SKL_7024_DESC,{e1_when_round}라운드부터는 매 라운드 개시 시 스스로 물러나 전투불능이 됩니다.,
CHR_024_NAME,아젤리아,Azalea
CHR_024_DESC,타락한 힘에 몸을 맡긴 백조,
CHR_024_STORY,"검게 물든 깃과 손목의 사슬은 빌려 쓴 힘이 남긴 자국이다. 그 힘은 오래가지 않아서, 일곱 라운드가 지나면 스스로 스러진다.",
CHR_024_SPECIES,백조,
SKL_1025_NAME,범고래 슬래쉬,
SKL_1025_DESC,적 하나에게 치명적인 피해를 입힙니다.,
SKL_5025_NAME,범고래 스트라이크,
SKL_5025_DESC,"대상이 잃은 체력에 비례해 최대 {e1_bonus:pct}까지 피해량이 증가한 뒤, 적 하나에게 피해를 입힙니다.",
SKL_7025_NAME,리커버리,
SKL_7025_DESC,전장에서 로캣몬이 전투불능이 될 때마다 자신의 체력을 최대치의 {e1_ratio:pct}만큼 회복합니다.,
CHR_025_NAME,알코,Alco
CHR_025_DESC,바다의 무법자,
CHR_025_STORY,내가 바로 대해적 알코! 나는 자비가 없지! 조심하라고!,
CHR_025_SPECIES,범고래,
SKL_1026_NAME,포식,
SKL_1026_DESC,"적 하나에게 피해를 입히고, 가한 피해의 {e1_ratio:pct}만큼 자신의 체력을 회복합니다. 이어서 {e2_turns}턴간 그 대상이 받는 회복량을 {e2_ratio:pct}로 줄입니다.",
SKL_5026_NAME,고대의 포효,
SKL_5026_DESC,"적 전체에게 약한 피해를 입히고, {e1_turns}턴간 공격력을 {e1_amount_abs} 감소시킵니다. 가한 피해의 {e2_ratio:pct}만큼 자신의 체력을 회복합니다.",
SKL_7026_NAME,원시의 포식,
SKL_7026_DESC,"피해를 입을 때마다 전투가 끝날 때까지 자신의 공격력이 {e1_amount}, 방어력이 {e2_amount} 증가합니다. 각각 {e1_upto}까지 쌓입니다.",
CHR_026_NAME,암카라시,amkalasi
CHR_026_DESC,고대 괴물 로캣몬,
CHR_026_STORY,잠드러있던 전설이 인간들에 의해서 깨어난다 고대 바다의 지배자인 암카라시는 강력한 갑피와 심해에서도 먹이를 찾아 헤메며 상어류 로캣몬 기가로돈을 포식했다고도 전해진다. 강력한 생멸력을 갖춘존재이며 어둠에서 갑자기 나타나 사냥한다고 전해진다 존재를 알아차렸다면 이미 늦은것,
CHR_026_SPECIES,향유고래 · 범고래 · 백상아리,
SKL_1027_NAME,독니 찌르기,
SKL_1027_DESC,"적 하나에게 피해를 입히고, {e1_turns}턴간 그 대상의 속도를 {e1_amount_abs} 감소시킨 뒤 출혈을 부여합니다. 출혈은 매 라운드 종료 시 {e2_amount}의 고정 피해를 {e2_turns}턴간 입힙니다.",
SKL_5027_NAME,거미줄 속박,
SKL_5027_DESC,"적 하나에게 강한 피해를 입히고, {e1_turns}턴간 그 대상의 속도를 {e1_amount_abs} 감소시킨 뒤 출혈을 부여합니다. 출혈은 매 라운드 종료 시 {e2_amount}의 고정 피해를 {e2_turns}턴간 입힙니다.",
SKL_7027_NAME,카우걸 소녀!!,
SKL_7027_DESC,대상이 해로운 상태를 하나라도 두르고 있으면 그 대상에게 가하는 피해량이 {e1_mult}배가 됩니다.,
CHR_027_NAME,연나연,
CHR_027_DESC,목장을 운영하는 거미 소녀,
CHR_027_STORY,목장 운영비가 너무 많이 들어 로캣에서 우승해서 운영비를 충당할거야!,
CHR_027_SPECIES,깡충거미,
SKL_1028_NAME,뺨때리기,
SKL_1028_DESC,"적 하나에게 강한 피해를 입히고, 체력이 가장 낮은 아군에게 {e1_turns}턴간 최대 체력의 {e1_ratio:pct}만큼 흡수하는 보호막을 부여합니다.",
SKL_5028_NAME,다정한 인사,
SKL_5028_DESC,{e1_turns}턴간 아군 전체의 공격력을 {e1_amount} 증가시킵니다.,
SKL_7028_NAME,유영,
SKL_7028_DESC,매 라운드 개시 시 보호막을 두른 아군의 공격력을 {e1_turns}턴간 {e1_amount} 증가시킵니다.,
CHR_028_NAME,연화,Serenfin
CHR_028_DESC,온화하고 차분한 비단잉어 로캣몬,
CHR_028_STORY,"아침 햇살이 비치는 시간, 유유히 수면 위로 올라와 햇빛을 받는 것을 좋아한다. 아름답고 신비로운 자태에 넋을 잃고 가까이서 보려 몸을 기울이다 물에 빠진 이들이 셀 수 없이 많다고 전해진다.",
CHR_028_SPECIES,비단잉어,
SKL_1029_NAME,칼등치기,
SKL_1029_DESC,"적 하나를 {e1_hits}회 연속으로 타격하며, 타격마다 약한 피해를 입힙니다.",
SKL_5029_NAME,한 순간의 달빛,
SKL_5029_DESC,"적 하나에게 강한 피해를 입히고, {e1_turns}턴간 그 대상의 방어력을 {e1_amount_abs} 감소시킵니다.",
SKL_7029_NAME,달의 여전사,
SKL_7029_DESC,{e1_when_round}라운드부터는 가하는 피해량이 {e1_mult}배가 됩니다.,
CHR_029_NAME,오카미,
CHR_029_DESC,동쪽 대륙의 늑대수인,
CHR_029_STORY,동쪽 대륙에는 달을 신성시 하는 일족이 있다. 운명의 상대를 찾기 위해 로캣의 소문을 듣고 찾아왔다.,
CHR_029_SPECIES,늑대,
SKL_1030_NAME,발차기,
SKL_1030_DESC,적 하나에게 치명적인 피해를 입힌 뒤 투지를 {e1_amount} 획득합니다.,
SKL_5030_NAME,먹잇감 발견,
SKL_5030_DESC,"대상 방어력의 {e2_ratio:pct}를 무시하고, 대상이 잃은 체력에 비례해 최대 {e3_bonus:pct}까지 강한 피해량이 증가한 뒤 적 하나에게 피해를 입힙니다. 그 뒤 투지를 {e1_amount} 획득합니다.",
SKL_7030_NAME,위기 감지,
SKL_7030_DESC,"자신의 공격력이 각성으로 올라 있으면, 적을 때릴 때마다 가한 피해의 {e1_ratio:pct}만큼 체력을 회복하고 그 대상에게 출혈을 부여합니다. 출혈은 매 라운드 종료 시 {e2_amount}의 고정 피해를 {e2_turns}턴간 입힙니다.",
CHR_030_NAME,울브,wolve
CHR_030_DESC,누구에게도 마음을 열지 않는 슬픈 늑대,
CHR_030_STORY,"울브는 무리 생활을 하지 않는 개과 로캣몬이다. 설령 가족이라 하더라도 믿을 수 없다. 세상은 나 혼자 살아가는 것이니까. 배신의 아픔을 뼈저리게 알고 있던 울브는 늘 그렇게 다짐해왔다. 어느 날 마주친 인간이 말했다. ""달라지고 싶다면 로캣에서 만나자."" 달라지고 싶지 않다. 난 세상을 아니까. 그럼에도 울브는 로캣으로 향했다. 그저 재밌는 스포츠에 참가하러 갈 뿐이라고 스스로를 속이면서.",
CHR_030_SPECIES,갈기늑대,
SKL_1031_NAME,전광석화,
SKL_1031_DESC,적 하나에게 강한 피해를 입힙니다.,
SKL_5031_NAME,마구 찌르기,
SKL_5031_DESC,"적 하나를 {e1_hits}회 연속으로 타격하며, 타격마다 피해를 입힙니다. 그 뒤 출혈을 부여합니다. 출혈은 매 라운드 종료 시 {e2_amount}의 고정 피해를 {e2_turns}턴간 입힙니다.",
SKL_7031_NAME,불굴의 투지,
SKL_7031_DESC,자신이 전투불능이 되면 적 전체에게 약한 피해를 입히고 출혈을 부여합니다. 출혈은 매 라운드 종료 시 {e1_amount}의 고정 피해를 {e1_turns}턴간 입힙니다.,
CHR_031_NAME,울피,Wolfie
CHR_031_DESC,"과거 지하 결투장의 괴물이라 불렸던 야생의 늑대 수인, 이제는 자신이 지키고 싶은 동료와 함께 싸우기 위해 경기장에 선다.",
CHR_031_STORY,"어린 시절부터 지하 결투장에 갇혀 싸움만 하며 살아온 수인. 늑대의 뛰어난 후각과 청각, 폭발적인 신체능력을 지닌 인간형이다. 지하 결투장이 폐지되면서 자유로워진 그, 이제 본인의 의지로 배틀에 참가한다.",
CHR_031_SPECIES,늑대,
SKL_1032_NAME,3연속 찌르기,
SKL_1032_DESC,"적 하나를 {e1_hits}회 연속으로 타격하며, 타격마다 약한 피해를 입힙니다.",
SKL_5032_NAME,연막 투척,
SKL_5032_DESC,적 전체에게 약한 피해를 입히고 {e1_turns}턴간 공격이 빗나가게 만듭니다.,
SKL_7032_NAME,복수의 칼날,
SKL_7032_DESC,매 라운드 개시 시 상대 진영 선두에 출혈을 부여합니다. 출혈은 매 라운드 종료 시 {e1_amount}의 고정 피해를 {e1_turns}턴간 입힙니다.,
CHR_032_NAME,카라,Kara
CHR_032_DESC,절대로 용서하지 않겠어... 복수하겠어...!,
CHR_032_STORY,"인간과 동물 사이에서 태어난 새로운 종족, 로캣몬. 그들은 인간의 특징을 강하게 물려받은 '인간형 로캣몬'과 동물의 특징을 강하게 물려받은 '동물형 로캣몬'으로 나뉘었습니다. 두 종족은 서로의 존재를 인정하지 않았고, 결국 돌이킬 수 없는 전쟁으로 번지고 말았으며 카라는 자기가 살던 고향의 유일한 생존자가 되었습니다. 동물형 로캣몬에게 복수의 칼날을 갈기 위해 카라는 닌자 암살부대에 들어갑니다. 그녀의 유일한 목표는 하나입니다. 자신의 모든 것을 빼앗아간 동물형 로캣몬에게 복수하는 것.",
CHR_032_SPECIES,까마귀,
SKL_1033_NAME,방어,
SKL_1033_DESC,"적 하나에게 피해를 입히고 {e1_turns}턴간 그 대상이 받는 회복량을 {e1_ratio:pct}로 줄입니다. 이어서 {e2_turns}턴간 그 대상이 받는 피해량을 {e2_ratio:pct} 증가시키고, {e3_turns}턴간 자신의 방어력을 {e3_amount} 증가시킵니다.",
SKL_5033_NAME,총공세,
SKL_5033_DESC,"적 하나에게 약한 피해를 입히고, 대상 최대 체력의 {e1_ratio:pct}만큼을 방어와 무관한 고정 피해로 더합니다. 이어서 {e2_turns}턴간 그 대상이 받는 피해량을 {e2_ratio:pct} 증가시키고, 전투가 끝날 때까지 자신의 방어력을 {e3_amount}, 체력을 {e4_amount} 증가시킵니다.",
SKL_7033_NAME,불굴,
SKL_7033_DESC,피해를 입으면 전투 중 한 번 버팀을 얻습니다. 버팀으로 견뎌 내면 자신의 체력을 최대치의 {e2_ratio:pct}만큼 회복합니다.,
CHR_033_NAME,카르노가디안,Carnoguardian
CHR_033_DESC,공룡 카르노타우루스,
CHR_033_STORY,남아메리카 대륙에서 서식하다 강자를 찾아 찾아왔다.,
CHR_033_SPECIES,알비노 도마뱀,
SKL_1034_NAME,발굽 찍기,
SKL_1034_DESC,"적 하나에게 피해를 입히고, {e1_turns}턴간 그 대상이 받는 피해량을 {e1_ratio:pct} 증가시킵니다.",
SKL_5034_NAME,맹수 참격,
SKL_5034_DESC,적 하나에게 강한 피해를 입히고 출혈을 부여합니다. 출혈은 매 라운드 종료 시 {e1_amount}의 고정 피해를 {e1_turns}턴간 입힙니다.,
SKL_7034_NAME,거대한 위협,
SKL_7034_DESC,대상의 체력이 자신보다 낮을 때는 그 대상에게 가하는 피해량이 {e1_mult}배가 됩니다.,
CHR_034_NAME,카이론,Cairon
CHR_034_DESC,"사자와 염소, 뱀의 본능을 한 몸에 지닌 이형의 수인",
CHR_034_STORY,"여러 동물의 특징을 지녀 '괴물'이라 불리던 그. 
그의 괴물 같은 모습과 특별한 능력으로 로캣배틀을 지배하려 한다.",
CHR_034_SPECIES,사자,
SKL_1035_NAME,쟤가 나 괴롭혀!,
SKL_1035_DESC,"적 하나가 {e1_turns}턴간 받는 피해량을 {e1_ratio:pct} 증가시키고, 공격력을 {e2_amount_abs}, 속도를 {e3_amount_abs} 감소시킵니다. 같은 기간 동안 그 대상이 받는 회복량을 {e4_ratio:pct}로 줄입니다.",
SKL_5035_NAME,엄마한테 이를 거야!,
SKL_5035_DESC,적 전체에게 피해를 입히고 {e1_turns}턴간 행동 불능 상태로 만듭니다. 아군 전체는 {e2_turns}턴간 최대 체력의 {e2_ratio:pct}만큼 흡수하는 보호막을 얻습니다.,
SKL_7035_NAME,NG!,
SKL_7035_DESC,전투 개시 시 {e1_turns}턴간 최대 체력의 {e1_ratio:pct}만큼 흡수하는 보호막을 얻습니다. 자신이 전투불능이 되면 적 전체를 {e2_turns}턴간 행동 불능 상태로 만듭니다.,
CHR_035_NAME,코스모 도리스,Cosmo Doris
CHR_035_DESC,선수 대기줄이었다고? 관중석 예매 아니었어...?,
CHR_035_STORY,만타가오리 수인과 크로모도리스 수인의 혼혈. 호기심 많은 덜렁이. 로캣 대회를 동경하던 코스모는 가진 돈을 탈탈 털어 예매에 성공했다! 그러나 관중석이 아닌 선수 등록을 했다는 사실을 경기 당일에 알게 되는데...,
CHR_035_SPECIES,갯민숭달팽이,
SKL_1036_NAME,나도 널 사랑해,
SKL_1036_DESC,적 하나에게 약한 피해를 입히고 자신의 체력을 최대치의 {e1_ratio:pct}만큼 회복합니다. {e2_turns}턴간 그 대상의 공격력을 {e2_amount_abs} 감소시킵니다.,
SKL_5036_NAME,그럼 잘 먹겠습니다!,
SKL_5036_DESC,"적 하나에게 강한 피해를 입히고 가한 피해의 {e1_ratio:pct}만큼 자신의 체력을 회복합니다. 이어서 그 대상의 이로운 상태를 모두 흡수하고, 흡수한 하나마다 최대치의 {e2_ratio:pct}만큼 더 회복합니다.",
SKL_7036_NAME,거짓말쟁이!,
SKL_7036_DESC,자신에게 걸린 해로운 상태 하나마다 자신이 입히는 피해량이 {e1_per:pct}씩 증가합니다.,
CHR_036_NAME,키르유,kirryou
CHR_036_DESC,사랑하기에 먹었을 뿐이야!,
CHR_036_STORY,"키르유를 너무나 사랑한 남자가 있었다. 그는 자신의 모든 것을 키르유에게 양보했고, 언제나 자신의 모든 사랑과 애정을 쏟아부었다. 곧 얼마 지나지 않아 남자는 실종되었다. 뒤늦게 남자를 찾고자 집 안에 들어선 사람들은, 키르유를 마주치고 나서야 사건의 전말을 이해하고 말았다. 그들이 본 키르유는 어느 누구보다 황홀해보이는 표정을 짓고 있었다.",
CHR_036_SPECIES,파리지옥,
SKL_1037_NAME,잭 더 리퍼,
SKL_1037_DESC,"적 하나에게 강한 피해를 입히고, {e1_turns}턴간 그 대상의 마력을 {e1_amount_abs} 감소시킵니다. 같은 기간 동안 자신의 마력은 {e2_amount} 증가합니다.",
SKL_5037_NAME,샤를로트 코르데,
SKL_5037_DESC,"자신의 마력이 대상보다 앞선 1점마다 피해량이 {e1_per:pct}씩 늘어난 뒤, 적 하나에게 강한 피해를 입힙니다. 그 뒤 {e2_turns}턴간 간파를 얻습니다.",
SKL_7037_NAME,마타 하리,
SKL_7037_DESC,"매 라운드 개시 시 전투가 끝날 때까지 자신의 마력이 {e1_amount} 증가하며, {e1_upto}까지 쌓입니다.",
CHR_037_NAME,파르바,Parva
CHR_037_DESC,"천진한 미소 뒤에 맹독과 계산을 숨긴 채, 물을 응축해 전장을 지배하는 해 타입 수인.",
CHR_037_STORY,암살이 주특기였던 갯민숭달팽이 종족은 평화와 화합의 시대가 도래하면서 한동안 조용히 살았다. 갯민숭달팽이 종족의 파르바는 자신의 주특기인 독 활용과 암살능력을 활용하여 로캣 배틀에 참가하고자 한다 이 종족은 외견과는 다르게 매우 사나운 성격이라는 것을 알아야 한다,
CHR_037_SPECIES,꼬마비로드갯민숭달팽이,
SKL_1038_NAME,다이빙 어택,
SKL_1038_DESC,적 하나에게 치명적인 피해를 입힙니다.,
SKL_5038_NAME,일격필살,
SKL_5038_DESC,"대상 방어력의 {e1_ratio:pct}를 무시하고 적 하나에게 치명적인 피해를 입힌 뒤, {e2_turns}턴간 간파를 얻습니다.",
SKL_7038_NAME,보석 깃털,
SKL_7038_DESC,"전투 개시 시 {e1_turns}턴간 최대 체력의 {e1_ratio:pct}만큼 흡수하는 보호막을 얻고, 적을 쓰러뜨릴 때마다 같은 보호막을 다시 얻습니다.",
CHR_038_NAME,피코,Picko
CHR_038_DESC,아...안녕하세요....자..잘 부탁드려요...푸드덕(부끄러운 톤으로 날개를 퍼덕이며),
CHR_038_STORY,새를 사랑한 누군가의 집념이 담겨 있습니다. 공작+물총새를 모티브로 제작. 물고기를 좋아합니다. 부끄럼이 많지만 물고기가 있으면 환장해 버립니다. 자신의 아름다운 날개를 자랑스러워 하지만 부끄럼이 많아서 뽐내지는 않습니다. 은근히 칭찬 받으면 기뻐한다는 설정,
CHR_038_SPECIES,공작 · 물총새,
SKL_1039_NAME,가방으로 때리기,
SKL_1039_DESC,적 하나에게 피해를 입힙니다.,
SKL_5039_NAME,람쥐썬더,
SKL_5039_DESC,"적 하나를 {e1_hits}회 연속으로 타격하며, 타격마다 약한 피해를 입힙니다.",
SKL_7039_NAME,꺾이지 않는 마음,
SKL_7039_DESC,자신의 체력이 {e1_when_ratio:pct} 미만이면 매 라운드 개시 시 {e1_turns}턴간 공격력이 {e1_amount} 증가합니다.,
CHR_039_NAME,하따,
CHR_039_DESC,낙하산을 메고 뛰어내리는 하늘다람쥐가 있다는 소문이 있다..,
CHR_039_STORY,"원래 피막을 통해 하늘을 날던 하늘다람쥐 종족은, 본성의 여신 '디벨로'로 부터 인간화와 문명을 수여받게 되면서 복장 통일을 위해 피막이 없어지게 되었다. 그러나 여전히 하따는 새로 받은 문명을 이용해 다시 하늘을 날려는 꿈을 꾸고 있다.",
CHR_039_SPECIES,하늘다람쥐,
SKL_1040_NAME,태세정비,
SKL_1040_DESC,"아군 전체에게 {e1_turns}턴간 최대 체력의 {e1_ratio:pct}만큼 흡수하는 보호막을 부여하고, {e2_turns}턴간 방어력을 {e2_amount} 증가시킵니다.",
SKL_5040_NAME,최후의 호령,
SKL_5040_DESC,적 전체에게 피해를 입힙니다.,
SKL_7040_NAME,고고함,
SKL_7040_DESC,"매 라운드 개시 시 전투가 끝날 때까지 자신의 마력이 {e1_amount} 증가하며, {e1_upto}까지 쌓입니다.",
CHR_040_NAME,호루스,Horus
CHR_040_DESC,고고하고 든든한 방어자,
CHR_040_STORY,시비르기에서 꽤나 긴 혈통을 가지고 있는 로캣몬. 로켓 배틀이 화합의 상징이 되기 전부터 지하 결투장 폐쇄를 위해 힘써왔으나 화합의 장이 된 지금은 로켓배틀에 우호적이게 바뀌었다고 한다.,
CHR_040_SPECIES,매,
SKL_1041_NAME,강철날개,
SKL_1041_DESC,적 하나에게 강한 피해를 입힙니다.,
SKL_5041_NAME,푸른 칼날,
SKL_5041_DESC,"자신이 잃은 체력에 비례해 최대 {e3_bonus:pct}까지 피해량이 증가한 뒤, 적 하나를 {e2_hits}회 연속으로 타격합니다. 이와 함께 {e1_turns}턴간 속도와 무관하게 먼저 행동합니다.",
SKL_7041_NAME,불굴,
SKL_7041_DESC,매 라운드 개시 시 버팀을 얻습니다.,
CHR_041_NAME,호퍼,Hopper
CHR_041_DESC,가정을 지키기 위해 무술을 극한으로 단련한 로캣몬,
CHR_041_STORY,호프의 진화형 로캣몬. 대개 천적의 위협으로부터 자신과 가족을 지키기 위한 일념으로 수련을 거듭하여 진화한다. 날개 당수 한 번으로 돌보다 단단한 빙하도 반으로 쪼갤 수 있다. 평소에는 유순하지만 호프에게 위협을 가하는 이가 있으면 그 무엇보다도 흉폭해질 수 있다.,
CHR_041_SPECIES,펭귄,
SKL_1042_NAME,고요한 날개,
SKL_1042_DESC,"적 하나에게 약한 피해를 입히고, 체력이 가장 낮은 아군의 체력을 최대치의 {e1_ratio:pct}만큼 회복시킵니다. 자신의 투지를 {e2_amount} 획득합니다.",
SKL_5042_NAME,침묵의 날개,
SKL_5042_DESC,적 전체에게 약한 피해를 입히고 {e1_turns}턴간 특수기 사용을 봉인합니다.,
SKL_7042_NAME,치유의 힘,
SKL_7042_DESC,매 라운드 개시 시 체력이 가장 낮은 아군의 체력을 최대치의 {e1_ratio:pct}만큼 회복시킵니다.,
CHR_042_NAME,루나,Luna
CHR_042_DESC,"마음은 착하지만 날개가 검은색 이라는 이유로 무리에서 쫒겨났다. 
직접적인 공격보다 버프,디버프, 힐들로 아군을 돕는 것을 좋아한다.",
CHR_042_STORY,"마음은 착하지만 날개가 검은색 이라는 이유로 무리에서 쫒겨났다. 
직접적인 공격보다 버프,디버프, 힐들로 아군을 돕는 것을 좋아한다.",
CHR_042_SPECIES,나비,
SKL_2901_NAME,할퀴기,
SKL_2901_DESC,적 하나에게 강한 피해를 입히고 출혈을 부여합니다. 출혈은 매 라운드 종료 시 {e1_amount}의 고정 피해를 {e1_turns}턴간 입힙니다.,
SKL_2902_NAME,휩쓸기,
SKL_2902_DESC,적 전체에게 약한 피해를 입힙니다.,
SKL_2903_NAME,숨통 끊기,
SKL_2903_DESC,"대상이 잃은 체력에 비례해 최대 {e1_bonus:pct}까지 강한 피해량이 증가한 뒤, 체력이 가장 낮은 적에게 피해를 입힙니다.",
SKL_2904_NAME,마력탄,
SKL_2904_DESC,"적 하나에게 강한 피해를 입히고, {e1_turns}턴간 그 대상이 받는 피해량을 {e1_ratio:pct} 증가시킵니다.",
SKL_2905_NAME,파문,
SKL_2905_DESC,적 전체에게 약한 피해를 입힙니다.,
SKL_2906_NAME,표적 봉인,
SKL_2906_DESC,"대상이 잃은 체력에 비례해 최대 {e1_bonus:pct}까지 강한 피해량이 증가한 뒤, 체력이 가장 낮은 적에게 피해를 입힙니다.",
SKL_2907_NAME,심판의 빛,
SKL_2907_DESC,"적 하나에게 강한 피해를 입히고, 가한 피해의 {e1_ratio:pct}만큼 자신의 체력을 회복합니다.",
SKL_2908_NAME,성역,
SKL_2908_DESC,적 전체에게 약한 피해를 입힙니다.,
SKL_2909_NAME,자비 없는 손,
SKL_2909_DESC,"대상이 잃은 체력에 비례해 최대 {e1_bonus:pct}까지 강한 피해량이 증가한 뒤, 체력이 가장 낮은 적에게 피해를 입힙니다.",
SKL_2910_NAME,상처 봉합,
SKL_2910_DESC,"아군 전체의 해로운 상태를 해제하고, 체력을 최대치의 {e1_ratio:pct}만큼 회복시킵니다.",
SKL_2911_NAME,결속,
SKL_2911_DESC,{e1_turns}턴간 아군 전체의 공격력을 {e1_amount} 증가시킵니다.,
SKL_2025_NAME,범고래 크래쉬,
SKL_2025_DESC,적 전체에게 피해를 입힙니다.,
SKL_2002_NAME,흰 눈동자,
SKL_2002_DESC,"적 하나에게 강한 피해를 입히고, {e1_turns}턴간 공격력을 {e1_amount_abs} 감소시킵니다.",
SKL_2019_NAME,군체 분산,
SKL_2019_DESC,"{e1_turns}턴간 최대 체력의 {e1_ratio:pct}만큼 흡수하는 보호막을 얻고, {e2_turns}턴간 공격력을 {e2_amount} 증가시킵니다.",
SKL_2029_NAME,달빛 벼리기,
SKL_2029_DESC,{e1_turns}턴간 자신의 공격력을 {e1_amount} 증가시킵니다.,
SKL_2015_NAME,집요한 추적,
SKL_2015_DESC,적 하나에게 강한 피해를 입히고 출혈을 부여합니다. 출혈은 매 라운드 종료 시 {e1_amount}의 고정 피해를 {e1_turns}턴간 입힙니다.,
SKL_2011_NAME,돌진,
SKL_2011_DESC,"{e1_turns}턴간 자신의 방어력을 {e1_amount_abs} 감소시키는 대신, 적 하나에게 강한 피해를 입힙니다.",
SKL_2033_NAME,방벽,
SKL_2033_DESC,"아군 하나를 {e1_turns}턴간 수호합니다. 수호받는 아군을 겨눈 단일 공격은 자신이 대신 받고, 자신은 최대 체력의 {e2_ratio:pct}만큼 흡수하는 보호막을 얻습니다.",
SKL_2023_NAME,해류 감기,
SKL_2023_DESC,"적 하나에게 약한 피해를 입히고, {e1_turns}턴간 자신을 도발 상태로 만듭니다.",
SKL_2026_NAME,심해의 압력,
SKL_2026_DESC,"적 전체에게 약한 피해를 입히고, {e1_turns}턴간 자신을 도발 상태로 만듭니다.",
SKL_2003_NAME,점액 방벽,
SKL_2003_DESC,아군 전체에게 {e1_turns}턴간 최대 체력의 {e1_ratio:pct}만큼 흡수하는 보호막을 부여합니다.,
SKL_2007_NAME,집게 방패,
SKL_2007_DESC,"{e1_turns}턴간 최대 체력의 {e1_ratio:pct}만큼 흡수하는 보호막을 얻고, {e2_turns}턴간 자신을 도발 상태로 만듭니다.",
SKL_2012_NAME,군림,
SKL_2012_DESC,"{e1_turns}턴간 자신을 도발 상태로 만들고, 그동안 자신의 방어력을 {e2_amount} 증가시킵니다.",
SKL_2004_NAME,축복,
SKL_2004_DESC,"아군 하나의 체력을 최대치의 {e1_ratio:pct}만큼 회복시키고, 그 대상의 해로운 상태를 모두 해제합니다.",
SKL_2009_NAME,구름 나눔,
SKL_2009_DESC,"아군 하나의 투지를 {e1_amount} 증가시키고, 그 대상의 체력을 최대치의 {e2_ratio:pct}만큼 회복시킵니다.",
SKL_2016_NAME,성스러운 포효,
SKL_2016_DESC,"적 전체에게 약한 피해를 입히고, 아군 전체가 {e1_turns}턴간 최대 체력의 {e1_ratio:pct}만큼 흡수하는 보호막을 얻습니다.",
SKL_2017_NAME,숲의 결계,
SKL_2017_DESC,아군 전체에게 {e1_turns}턴간 최대 체력의 {e1_ratio:pct}만큼 흡수하는 보호막을 부여합니다.,
SKL_2028_NAME,보듬는 물결,
SKL_2028_DESC,체력이 가장 낮은 아군의 체력을 최대치의 {e1_ratio:pct}만큼 회복시킵니다.,
SKL_2042_NAME,정화의 날개,
SKL_2042_DESC,"아군 하나의 해로운 상태를 모두 해제한 뒤, 그 대상의 체력을 최대치의 {e2_ratio:pct}만큼 회복시킵니다.",
SKL_2039_NAME,낙하 준비,
SKL_2039_DESC,{e1_turns}턴간 자신의 공격력을 {e1_amount} 증가시킵니다.,
SKL_2020_NAME,특급 배송,
SKL_2020_DESC,"적 하나에게 강한 피해를 입히고, {e1_turns}턴간 속도와 무관하게 먼저 행동합니다. 같은 기간 동안 간파를 얻습니다.",
SKL_2038_NAME,급락,
SKL_2038_DESC,"적 하나에게 피해를 입히고, {e1_turns}턴간 자신의 공격력을 {e1_amount} 증가시킵니다.",
SKL_2018_NAME,급습,
SKL_2018_DESC,적 하나에게 강한 피해를 입힙니다. 속도 보정이 높아 같은 라운드의 다른 기술보다 앞서 나갑니다.,
SKL_2030_NAME,사냥 개시,
SKL_2030_DESC,"적 하나에게 피해를 입히고, {e1_turns}턴간 자신의 공격력을 {e1_amount} 증가시키며 {e2_turns}턴간 간파를 얻습니다.",
SKL_2037_NAME,응축,
SKL_2037_DESC,"적 하나에게 피해를 입히고, {e1_turns}턴간 자신의 마력을 {e1_amount} 증가시킵니다.",
SKL_2005_NAME,뒤쫓기,
SKL_2005_DESC,적 하나에게 강한 피해를 입히고 출혈을 부여합니다. 출혈은 매 라운드 종료 시 {e1_amount}의 고정 피해를 {e1_turns}턴간 입힙니다.,
SKL_2031_NAME,몰아치기,
SKL_2031_DESC,"적 하나에게 약한 피해를 입히고, {e1_turns}턴간 특수기 사용을 봉인한 뒤 출혈을 부여합니다. 출혈은 매 라운드 종료 시 {e2_amount}의 고정 피해를 {e2_turns}턴간 입힙니다.",
SKL_2027_NAME,거미줄,
SKL_2027_DESC,"적 전체에게 약한 피해를 입히고, {e1_turns}턴간 속도를 {e1_amount_abs} 감소시킵니다.",
SKL_2032_NAME,벼린 칼날,
SKL_2032_DESC,{e1_turns}턴간 자신의 공격력을 {e1_amount} 증가시킵니다.,
SKL_2021_NAME,독 뿌리기,
SKL_2021_DESC,적 전체에게 약한 피해를 입히고 출혈을 부여합니다. 출혈은 매 라운드 종료 시 {e1_amount}의 고정 피해를 {e1_turns}턴간 입힙니다.,
SKL_2041_NAME,연격,
SKL_2041_DESC,"적 하나를 {e1_hits}회 연속으로 타격하며, 타격마다 피해를 입힙니다. 그 뒤 가한 피해의 {e2_ratio:pct}만큼 자신도 피해를 입습니다.",
SKL_2001_NAME,늪의 온기,
SKL_2001_DESC,"자신의 체력을 최대치의 {e1_ratio:pct}만큼 깎고, 자신을 뺀 아군에게 {e2_turns}턴간 최대 체력의 {e2_ratio:pct}만큼 흡수하는 보호막을 부여합니다.",
SKL_2022_NAME,산제물,
SKL_2022_DESC,"자신에게 출혈을 부여하고, {e2_turns}턴간 최대 체력의 {e2_ratio:pct}만큼 흡수하는 보호막을 얻습니다. 출혈은 매 라운드 종료 시 {e1_amount}의 고정 피해를 {e1_turns}턴간 입힙니다.",
SKL_2036_NAME,너도 날 사랑해?,
SKL_2036_DESC,"적 하나에게 약한 피해를 입히고, 그 대상의 이로운 상태를 모두 흡수합니다. 흡수한 하나마다 자신의 체력을 최대치의 {e1_ratio:pct}만큼 회복합니다.",
SKL_2024_NAME,검은 깃,
SKL_2024_DESC,"적 하나에게 피해를 입히고, 대상 최대 체력의 {e1_ratio:pct}만큼을 방어와 무관한 고정 피해로 더합니다. 그 뒤 {e2_turns}턴간 행동 불능 상태로 만들고 투지를 {e3_amount} 획득합니다.",
SKL_2035_NAME,집에 갈래!,
SKL_2035_DESC,"적 전체가 {e1_turns}턴간 받는 피해량을 {e1_ratio:pct} 증가시키고, 공격력을 {e2_amount_abs}, 속도를 {e3_amount_abs} 감소시킵니다. 같은 기간 동안 받는 회복량은 {e4_ratio:pct}로 줄어듭니다.",
SKL_2014_NAME,심해의 벽,
SKL_2014_DESC,"적 전체에게 약한 피해를 입히고, {e1_turns}턴간 속도를 {e1_amount_abs} 감소시킵니다.",
SKL_2040_NAME,결속,
SKL_2040_DESC,"{e1_turns}턴간 아군 전체의 공격력을 {e1_amount} 증가시키고, 투지를 {e2_amount} 획득합니다.",
SKL_2010_NAME,마력탄,
SKL_2010_DESC,"적 하나에게 강한 피해를 입히고, {e1_turns}턴간 그 대상이 받는 피해량을 {e1_ratio:pct} 증가시킵니다. 이 공격은 보호막을 지나쳐 체력을 직접 깎습니다.",
SKL_2008_NAME,썩는 물,
SKL_2008_DESC,"적 전체에게 약한 피해를 입히고, {e1_turns}턴간 받는 회복량을 {e1_ratio:pct}로 줄입니다.",
SKL_2034_NAME,사냥의 시간,
SKL_2034_DESC,"대상이 잃은 체력에 비례해 최대 {e1_bonus:pct}까지 강한 피해량이 증가한 뒤, 체력이 가장 낮은 적에게 피해를 입힙니다.",
SKL_2006_NAME,고독한 사냥,
SKL_2006_DESC,적 하나에게 강한 피해를 입힙니다. 쓰러진 아군 하나마다 이 피해가 {e1_per:pct}씩 늘어납니다.,
SKL_2013_NAME,목덜미,
SKL_2013_DESC,"적 하나에게 피해를 입히고 대상 최대 체력의 {e2_ratio:pct}만큼을 방어와 무관한 고정 피해로 더합니다. 가한 피해의 {e1_ratio:pct}만큼 자신의 체력을 회복하고, {e3_turns}턴간 간파를 얻습니다.",
